{
  "name": "MSCI World Core Fund",
  "benchmark": "MSCI World Net TR (USD)",
  "navUSD": 309571230,
  "baseCurrency": "USD",
  "currentCashPct": 2.5,
  "currentCashUSD": 7741230,
  "sharesOutstanding": 10000000,
  "adminNAV": 309421230,
  "adminNAVAsOf": "2025-11-09T16:00:00Z",
  "managementFeeBps": 25,
  "positions": [
    {
      "ticker": "AAPL US",
      "name": "Apple Inc.",
      "exchange": "NASDAQ",
      "sector": "Information Technology",
      "currency": "USD",
      "quantity": 210000,
      "price": 195.0,
      "marketValue": 40950000.0,
      "weight": 13.23,
      "indexWeight": 13.1,
      "diffBps": 13,
      "ytdPerformance": 18.4,
      "restricted": false
    },
    {
      "ticker": "MSFT US",
      "name": "Microsoft",
      "exchange": "NASDAQ",
      "sector": "Information Technology",
      "currency": "USD",
      "quantity": 185000,
      "price": 410.0,
      "marketValue": 75850000.0,
      "weight": 24.5,
      "indexWeight": 24.3,
      "diffBps": 20,
      "ytdPerformance": 16.2,
      "restricted": false
    },
    {
      "ticker": "AMZN US",
      "name": "Amazon.com",
      "exchange": "NASDAQ",
      "sector": "Consumer Discretionary",
      "currency": "USD",
      "quantity": 95000,
      "price": 155.0,
      "marketValue": 14725000.0,
      "weight": 4.76,
      "indexWeight": 4.85,
      "diffBps": -9,
      "ytdPerformance": 14.5,
      "restricted": false
    },
    {
      "ticker": "NVDA US",
      "name": "NVIDIA",
      "exchange": "NASDAQ",
      "sector": "Information Technology",
      "currency": "USD",
      "quantity": 60000,
      "price": 950.0,
      "marketValue": 57000000.0,
      "weight": 18.41,
      "indexWeight": 18.6,
      "diffBps": -19,
      "ytdPerformance": 25.1,
      "restricted": false
    },
    {
      "ticker": "GOOGL US",
      "name": "Alphabet A",
      "exchange": "NASDAQ",
      "sector": "Communication Services",
      "currency": "USD",
      "quantity": 80000,
      "price": 165.0,
      "marketValue": 13200000.0,
      "weight": 4.26,
      "indexWeight": 4.26,
      "diffBps": 0,
      "ytdPerformance": 12.3,
      "restricted": true
    },
    {
      "ticker": "META US",
      "name": "Meta Platforms",
      "exchange": "NASDAQ",
      "sector": "Communication Services",
      "currency": "USD",
      "quantity": 70000,
      "price": 470.0,
      "marketValue": 32900000.0,
      "weight": 10.63,
      "indexWeight": 10.45,
      "diffBps": 18,
      "ytdPerformance": 22.0,
      "restricted": false
    },
    {
      "ticker": "TSM US",
      "name": "TSMC ADR",
      "exchange": "NYSE",
      "sector": "Information Technology",
      "currency": "USD",
      "quantity": 120000,
      "price": 145.0,
      "marketValue": 17400000.0,
      "weight": 5.62,
      "indexWeight": 5.8,
      "diffBps": -18,
      "ytdPerformance": 19.0,
      "restricted": false
    },
    {
      "ticker": "ASML NA",
      "name": "ASML",
      "exchange": "Euronext Amsterdam",
      "sector": "Information Technology",
      "currency": "EUR",
      "quantity": 30000,
      "price": 800.0,
      "marketValue": 26040000.0,
      "weight": 8.41,
      "indexWeight": 8.3,
      "diffBps": 11,
      "ytdPerformance": 11.5,
      "restricted": false
    },
    {
      "ticker": "NESN SW",
      "name": "Nestl\u00e9",
      "exchange": "SIX Swiss",
      "sector": "Consumer Staples",
      "currency": "CHF",
      "quantity": 50000,
      "price": 95.0,
      "marketValue": 5320000.000000001,
      "weight": 1.72,
      "indexWeight": 1.85,
      "diffBps": -13,
      "ytdPerformance": 4.2,
      "restricted": true
    },
    {
      "ticker": "MC FP",
      "name": "LVMH",
      "exchange": "Euronext Paris",
      "sector": "Consumer Discretionary",
      "currency": "EUR",
      "quantity": 25000,
      "price": 680.0,
      "marketValue": 18445000.0,
      "weight": 5.96,
      "indexWeight": 5.79,
      "diffBps": 17,
      "ytdPerformance": 9.8,
      "restricted": false
    }
  ],
  "cashBuckets": [
    {
      "currency": "USD",
      "T": 4500000,
      "T1": 5200000,
      "T2": 5600000,
      "T3": 5600000,
      "T5": 5600000,
      "total": 5600000,
      "equivUSD": 5600000.0
    },
    {
      "currency": "EUR",
      "T": 1200000,
      "T1": 1350000,
      "T2": 1500000,
      "T3": 1500000,
      "T5": 1500000,
      "total": 1500000,
      "equivUSD": 1627500.0
    },
    {
      "currency": "JPY",
      "T": 15000000,
      "T1": 15000000,
      "T2": 15000000,
      "T3": 15000000,
      "T5": 15000000,
      "total": 15000000,
      "equivUSD": 100500.0
    },
    {
      "currency": "GBP",
      "T": 300000,
      "T1": 300000,
      "T2": 310000,
      "T3": 310000,
      "T5": 310000,
      "total": 310000,
      "equivUSD": 413230.0
    }
  ],
  "corporateActions": [
    {
      "date": "2025-11-10",
      "type": "Dividend",
      "tickers": [
        "AAPL US",
        "MSFT US",
        "NESN SW"
      ],
      "amountUSD": 850000,
      "description": "Quarterly dividends credited in USD \u2192 cash up to 2.5%"
    }
  ]
}